FlightDate,Reporting_Airline,Origin,OriginCityName,OriginState,Dest,DestCityName,DestState,DepDelay,ArrDelay,Cancelled,Distance,CRSDepTime,DayOfWeek,CarrierDelay,WeatherDelay,NASDelay,SecurityDelay,LateAircraftDelay
2024-01-28,MQ,DFW,"Dallas/Fort Worth, TX",TX,SGF,"Springfield, MO",MO,-4.00,-10.00,0.00,364.00,1434,7,,,,,
2024-01-14,F9,PHX,"Phoenix, AZ",AZ,ORD,"Chicago, IL",IL,-3.00,149.00,0.00,1440.00,1634,7,0.00,0.00,149.00,0.00,0.00
2024-01-16,AA,ORD,"Chicago, IL",IL,FLL,"Fort Lauderdale, FL",FL,120.00,125.00,0.00,1182.00,1210,2,10.00,0.00,5.00,0.00,110.00
2024-01-04,UA,EWR,"Newark, NJ",NJ,SEA,"Seattle, WA",WA,-6.00,-32.00,0.00,2402.00,1850,4,,,,,
2024-01-22,NK,ATL,"Atlanta, GA",GA,LAS,"Las Vegas, NV",NV,110.00,85.00,0.00,1747.00,2140,1,0.00,0.00,85.00,0.00,0.00
2024-01-11,OO,MFR,"Medford, OR",OR,SEA,"Seattle, WA",WA,-8.00,-15.00,0.00,352.00,1721,4,,,,,
2024-01-25,DL,DTW,"Detroit, MI",MI,BOS,"Boston, MA",MA,21.00,13.00,0.00,632.00,1558,4,,,,,
2024-01-13,WN,DEN,"Denver, CO",CO,TPA,"Tampa, FL",FL,71.00,64.00,0.00,1506.00,1655,6,9.00,0.00,0.00,0.00,55.00
2024-01-27,UA,IAD,"Washington, DC",VA,SAT,"San Antonio, TX",TX,-3.00,-3.00,0.00,1362.00,1740,6,,,,,
2024-01-11,MQ,CVG,"Cincinnati, OH",KY,MIA,"Miami, FL",FL,-7.00,0.00,0.00,948.00,0620,4,,,,,
2024-01-13,AA,BOI,"Boise, ID",ID,DFW,"Dallas/Fort Worth, TX",TX,84.00,95.00,0.00,1272.00,1342,6,4.00,0.00,11.00,0.00,80.00
2024-01-24,WN,BUF,"Buffalo, NY",NY,TPA,"Tampa, FL",FL,0.00,10.00,0.00,1053.00,1135,3,,,,,
2024-01-15,MQ,HPN,"White Plains, NY",NY,ORD,"Chicago, IL",IL,-7.00,-9.00,0.00,738.00,0705,1,,,,,
2024-01-19,UA,LAX,"Los Angeles, CA",CA,ORD,"Chicago, IL",IL,-8.00,-31.00,0.00,1744.00,0700,5,,,,,
2024-01-09,F9,DFW,"Dallas/Fort Worth, TX",TX,LAS,"Las Vegas, NV",NV,2.00,22.00,0.00,1055.00,2323,2,2.00,0.00,20.00,0.00,0.00
2024-01-21,DL,MCO,"Orlando, FL",FL,ATL,"Atlanta, GA",GA,48.00,32.00,0.00,404.00,1205,7,3.00,0.00,0.00,0.00,29.00
2024-01-08,DL,ATL,"Atlanta, GA",GA,HSV,"Huntsville, AL",AL,-13.00,-7.00,0.00,151.00,1759,1,,,,,
2024-01-23,OO,SEA,"Seattle, WA",WA,HLN,"Helena, MT",MT,-3.00,-14.00,0.00,491.00,1240,2,,,,,
2024-01-20,UA,HDN,"Hayden, CO",CO,ORD,"Chicago, IL",IL,-4.00,-17.00,0.00,1009.00,1235,6,,,,,
2024-01-26,MQ,DFW,"Dallas/Fort Worth, TX",TX,MEM,"Memphis, TN",TN,41.00,34.00,0.00,431.00,2230,5,0.00,0.00,0.00,0.00,34.00
2024-01-24,UA,ATL,"Atlanta, GA",GA,IAD,"Washington, DC",VA,-8.00,-13.00,0.00,534.00,1934,3,,,,,
2024-01-14,WN,SNA,"Santa Ana, CA",CA,BNA,"Nashville, TN",TN,-2.00,-24.00,0.00,1772.00,0830,7,,,,,
2024-01-27,WN,TUL,"Tulsa, OK",OK,MDW,"Chicago, IL",IL,-6.00,-12.00,0.00,583.00,1245,6,,,,,
2024-01-26,HA,HNL,"Honolulu, HI",HI,OGG,"Kahului, HI",HI,42.00,40.00,0.00,100.00,1915,5,10.00,0.00,0.00,0.00,30.00
2024-01-20,WN,DEN,"Denver, CO",CO,ABQ,"Albuquerque, NM",NM,6.00,-14.00,0.00,349.00,1810,6,,,,,
2024-01-06,UA,TPA,"Tampa, FL",FL,ORD,"Chicago, IL",IL,5.00,0.00,0.00,1012.00,1056,6,,,,,
2024-01-15,AA,SAN,"San Diego, CA",CA,CLT,"Charlotte, NC",NC,15.00,-5.00,0.00,2077.00,1134,1,,,,,
2024-01-24,UA,RDU,"Raleigh/Durham, NC",NC,EWR,"Newark, NJ",NJ,-3.00,-23.00,0.00,416.00,1113,3,,,,,
2024-01-19,WN,DEN,"Denver, CO",CO,STL,"St. Louis, MO",MO,1.00,27.00,0.00,770.00,1210,5,0.00,0.00,27.00,0.00,0.00
2024-01-19,WN,BWI,"Baltimore, MD",MD,MEM,"Memphis, TN",TN,219.00,251.00,0.00,787.00,1605,5,21.00,0.00,32.00,0.00,198.00
2024-01-03,YX,PIT,"Pittsburgh, PA",PA,LGA,"New York, NY",NY,-9.00,-44.00,0.00,335.00,0800,3,,,,,
2024-01-26,WN,SBA,"Santa Barbara, CA",CA,DEN,"Denver, CO",CO,-3.00,5.00,0.00,916.00,0705,5,,,,,
2024-01-24,DL,DFW,"Dallas/Fort Worth, TX",TX,LGA,"New York, NY",NY,-8.00,-22.00,0.00,1389.00,1011,3,,,,,
2024-01-03,OO,DEN,"Denver, CO",CO,BIS,"Bismarck/Mandan, ND",ND,-8.00,-15.00,0.00,516.00,1345,3,,,,,
2024-01-14,G4,AZA,"Phoenix, AZ",AZ,PSC,"Pasco/Kennewick/Richland, WA",WA,-3.00,18.00,0.00,977.00,1534,7,0.00,0.00,18.00,0.00,0.00
2024-01-10,WN,DEN,"Denver, CO",CO,ONT,"Ontario, CA",CA,16.00,11.00,0.00,819.00,1415,3,,,,,
2024-01-22,HA,LIH,"Lihue, HI",HI,HNL,"Honolulu, HI",HI,-8.00,-3.00,0.00,102.00,1245,1,,,,,
2024-01-09,DL,LGA,"New York, NY",NY,ATL,"Atlanta, GA",GA,-2.00,-21.00,0.00,762.00,1159,2,,,,,
2024-01-11,WN,RNO,"Reno, NV",NV,LGB,"Long Beach, CA",CA,12.00,4.00,0.00,402.00,0800,4,,,,,
2024-01-23,WN,PHX,"Phoenix, AZ",AZ,BNA,"Nashville, TN",TN,3.00,5.00,0.00,1449.00,0640,2,,,,,
2024-01-22,DL,SEA,"Seattle, WA",WA,IAD,"Washington, DC",VA,419.00,389.00,0.00,2306.00,0735,1,389.00,0.00,0.00,0.00,0.00
2024-01-31,WN,LAX,"Los Angeles, CA",CA,AUS,"Austin, TX",TX,4.00,7.00,0.00,1242.00,1205,3,,,,,
2024-01-22,AA,PHL,"Philadelphia, PA",PA,SFO,"San Francisco, CA",CA,0.00,-24.00,0.00,2521.00,0840,1,,,,,
2024-01-30,YX,LGA,"New York, NY",NY,GSO,"Greensboro/High Point, NC",NC,-4.00,-17.00,0.00,461.00,1023,2,,,,,
2024-01-24,AA,MCO,"Orlando, FL",FL,PHL,"Philadelphia, PA",PA,-14.00,-24.00,0.00,861.00,0705,3,,,,,
2024-01-05,B6,MCO,"Orlando, FL",FL,PVD,"Providence, RI",RI,-3.00,-11.00,0.00,1072.00,1946,5,,,,,
2024-01-03,WN,BNA,"Nashville, TN",TN,DTW,"Detroit, MI",MI,4.00,2.00,0.00,456.00,1005,3,,,,,
2024-01-20,HA,HNL,"Honolulu, HI",HI,ITO,"Hilo, HI",HI,-3.00,-8.00,0.00,216.00,0825,6,,,,,
2024-01-02,UA,OGG,"Kahului, HI",HI,SFO,"San Francisco, CA",CA,-6.00,8.00,0.00,2338.00,1425,2,,,,,
2024-01-22,AA,LAX,"Los Angeles, CA",CA,DFW,"Dallas/Fort Worth, TX",TX,40.00,48.00,0.00,1235.00,1630,1,0.00,0.00,8.00,0.00,40.00
2024-01-02,WN,LGB,"Long Beach, CA",CA,LAS,"Las Vegas, NV",NV,-12.00,-19.00,0.00,231.00,0930,2,,,,,
2024-01-29,DL,DTW,"Detroit, MI",MI,ALB,"Albany, NY",NY,-7.00,-3.00,0.00,489.00,2130,1,,,,,
2024-01-18,AA,TPA,"Tampa, FL",FL,CLT,"Charlotte, NC",NC,56.00,46.00,0.00,507.00,1252,4,44.00,0.00,0.00,0.00,2.00
2024-01-26,DL,DEN,"Denver, CO",CO,JFK,"New York, NY",NY,-6.00,-21.00,0.00,1626.00,1240,5,,,,,
2024-01-24,AA,STL,"St. Louis, MO",MO,DFW,"Dallas/Fort Worth, TX",TX,-6.00,22.00,0.00,550.00,0700,3,0.00,0.00,22.00,0.00,0.00
2024-01-06,WN,PHX,"Phoenix, AZ",AZ,AUS,"Austin, TX",TX,22.00,12.00,0.00,872.00,1500,6,,,,,
2024-01-05,AS,PSP,"Palm Springs, CA",CA,PDX,"Portland, OR",OR,-7.00,6.00,0.00,873.00,1706,5,,,,,
2024-01-12,WN,LAX,"Los Angeles, CA",CA,HOU,"Houston, TX",TX,8.00,4.00,0.00,1390.00,1325,5,,,,,
2024-01-18,DL,DTW,"Detroit, MI",MI,ATL,"Atlanta, GA",GA,37.00,40.00,0.00,594.00,1630,4,27.00,0.00,3.00,0.00,10.00
2024-01-29,YX,PHL,"Philadelphia, PA",PA,BOS,"Boston, MA",MA,10.00,52.00,0.00,280.00,0605,1,10.00,0.00,42.00,0.00,0.00
2024-01-29,AA,PHL,"Philadelphia, PA",PA,DFW,"Dallas/Fort Worth, TX",TX,-5.00,-15.00,0.00,1303.00,0625,1,,,,,
2024-01-19,NK,MCO,"Orlando, FL",FL,DTW,"Detroit, MI",MI,96.00,80.00,0.00,957.00,1947,5,0.00,0.00,80.00,0.00,0.00
2024-01-21,WN,TPA,"Tampa, FL",FL,MDW,"Chicago, IL",IL,-5.00,-7.00,0.00,997.00,0720,7,,,,,
2024-01-01,DL,ATL,"Atlanta, GA",GA,PHX,"Phoenix, AZ",AZ,1.00,-7.00,0.00,1587.00,1236,1,,,,,
2024-01-01,YX,IND,"Indianapolis, IN",IN,ORD,"Chicago, IL",IL,0.00,-19.00,0.00,177.00,1130,1,,,,,
2024-01-29,OH,CLT,"Charlotte, NC",NC,ECP,"Panama City, FL",FL,-7.00,-24.00,0.00,437.00,0924,1,,,,,
2024-01-25,WN,BNA,"Nashville, TN",TN,CLT,"Charlotte, NC",NC,30.00,27.00,0.00,328.00,1530,4,15.00,0.00,0.00,0.00,12.00
2024-01-12,OO,IAH,"Houston, TX",TX,ICT,"Wichita, KS",KS,9.00,1.00,0.00,542.00,2005,5,,,,,
2024-01-18,DL,EWR,"Newark, NJ",NJ,DTW,"Detroit, MI",MI,8.00,31.00,0.00,488.00,0600,4,8.00,0.00,23.00,0.00,0.00
2024-01-12,DL,ATL,"Atlanta, GA",GA,JAX,"Jacksonville, FL",FL,-2.00,-5.00,0.00,270.00,1305,5,,,,,
2024-01-27,UA,LAX,"Los Angeles, CA",CA,OGG,"Kahului, HI",HI,38.00,19.00,0.00,2486.00,1315,6,6.00,0.00,0.00,0.00,13.00
2024-01-01,WN,FLL,"Fort Lauderdale, FL",FL,HOU,"Houston, TX",TX,17.00,17.00,0.00,957.00,1920,1,0.00,0.00,0.00,0.00,17.00
2024-01-15,WN,AUS,"Austin, TX",TX,SJC,"San Jose, CA",CA,8.00,16.00,0.00,1476.00,1530,1,8.00,0.00,8.00,0.00,0.00
2024-01-16,UA,MCI,"Kansas City, MO",MO,ORD,"Chicago, IL",IL,18.00,79.00,0.00,403.00,0745,2,18.00,0.00,61.00,0.00,0.00
2024-01-11,NK,MIA,"Miami, FL",FL,DTW,"Detroit, MI",MI,27.00,27.00,0.00,1145.00,2145,4,0.00,0.00,27.00,0.00,0.00
2024-01-06,WN,MCO,"Orlando, FL",FL,BNA,"Nashville, TN",TN,10.00,10.00,0.00,616.00,0855,6,,,,,
2024-01-05,YX,BOS,"Boston, MA",MA,CVG,"Cincinnati, OH",KY,-8.00,-20.00,0.00,752.00,1510,5,,,,,
2024-01-10,OH,DCA,"Washington, DC",VA,ORF,"Norfolk, VA",VA,-8.00,-20.00,0.00,142.00,1346,3,,,,,
2024-01-23,DL,ATL,"Atlanta, GA",GA,ROA,"Roanoke, VA",VA,-1.00,-16.00,0.00,357.00,2225,2,,,,,
2024-01-29,AA,MIA,"Miami, FL",FL,DFW,"Dallas/Fort Worth, TX",TX,-5.00,-17.00,0.00,1121.00,0800,1,,,,,
2024-01-06,NK,MCO,"Orlando, FL",FL,BOS,"Boston, MA",MA,29.00,13.00,0.00,1121.00,1138,6,,,,,
2024-01-29,UA,MSP,"Minneapolis, MN",MN,IAH,"Houston, TX",TX,-15.00,-24.00,0.00,1034.00,1345,1,,,,,
2024-01-19,OO,ORD,"Chicago, IL",IL,MLI,"Moline, IL",IL,70.00,56.00,0.00,139.00,1410,5,0.00,56.00,0.00,0.00,0.00
2024-01-28,MQ,AVL,"Asheville, NC",NC,DFW,"Dallas/Fort Worth, TX",TX,10.00,-11.00,0.00,848.00,1730,7,,,,,
2024-01-25,NK,DTW,"Detroit, MI",MI,LGA,"New York, NY",NY,-5.00,-21.00,0.00,502.00,1830,4,,,,,
2024-01-04,AS,SEA,"Seattle, WA",WA,SAN,"San Diego, CA",CA,-1.00,-16.00,0.00,1050.00,0900,4,,,,,
2024-01-26,B6,LGA,"New York, NY",NY,TPA,"Tampa, FL",FL,-8.00,-7.00,0.00,1010.00,0710,5,,,,,
2024-01-29,9E,MSP,"Minneapolis, MN",MN,CVG,"Cincinnati, OH",KY,-6.00,-17.00,0.00,596.00,0913,1,,,,,
2024-01-28,OO,SBN,"South Bend, IN",IN,DFW,"Dallas/Fort Worth, TX",TX,-2.00,-7.00,0.00,846.00,0719,7,,,,,
2024-01-26,AA,DCA,"Washington, DC",VA,BOS,"Boston, MA",MA,76.00,64.00,0.00,399.00,1500,5,0.00,0.00,0.00,0.00,64.00
2024-01-04,G4,SGF,"Springfield, MO",MO,PIE,"St. Petersburg, FL",FL,-9.00,-23.00,0.00,895.00,0903,4,,,,,
2024-01-26,WN,MCO,"Orlando, FL",FL,STL,"St. Louis, MO",MO,-10.00,-21.00,0.00,882.00,0810,5,,,,,
2024-01-02,DL,DTW,"Detroit, MI",MI,MSP,"Minneapolis, MN",MN,0.00,11.00,0.00,528.00,1955,2,,,,,
2024-01-20,HA,KOA,"Kona, HI",HI,HNL,"Honolulu, HI",HI,31.00,35.00,0.00,163.00,1455,6,4.00,0.00,0.00,0.00,31.00
2024-01-27,AA,DFW,"Dallas/Fort Worth, TX",TX,BHM,"Birmingham, AL",AL,77.00,81.00,0.00,597.00,1830,6,0.00,0.00,4.00,0.00,77.00
2024-01-11,B6,BOS,"Boston, MA",MA,RIC,"Richmond, VA",VA,-4.00,-8.00,0.00,474.00,1640,4,,,,,
2024-01-11,DL,JFK,"New York, NY",NY,LAX,"Los Angeles, CA",CA,-2.00,-20.00,0.00,2475.00,1545,4,,,,,
2024-01-26,OO,OKC,"Oklahoma City, OK",OK,DEN,"Denver, CO",CO,-4.00,11.00,0.00,495.00,0940,5,,,,,
2024-01-30,MQ,DFW,"Dallas/Fort Worth, TX",TX,FWA,"Fort Wayne, IN",IN,-8.00,-4.00,0.00,859.00,1848,2,,,,,
2024-01-15,DL,ATL,"Atlanta, GA",GA,MCO,"Orlando, FL",FL,-3.00,-10.00,0.00,404.00,0815,1,,,,,
2024-01-17,AA,CLT,"Charlotte, NC",NC,DSM,"Des Moines, IA",IA,113.00,97.00,0.00,815.00,1134,3,0.00,0.00,0.00,0.00,97.00
2024-01-31,NK,FLL,"Fort Lauderdale, FL",FL,ATL,"Atlanta, GA",GA,0.00,-5.00,0.00,581.00,1825,3,,,,,
2024-01-20,OH,ABE,"Allentown/Bethlehem/Easton, PA",PA,CLT,"Charlotte, NC",NC,76.00,55.00,0.00,481.00,1943,6,0.00,0.00,0.00,0.00,55.00
2024-01-19,AA,LAX,"Los Angeles, CA",CA,DFW,"Dallas/Fort Worth, TX",TX,-8.00,-16.00,0.00,1235.00,0755,5,,,,,
2024-01-28,9E,RDU,"Raleigh/Durham, NC",NC,DCA,"Washington, DC",VA,-8.00,-20.00,0.00,227.00,0605,7,,,,,
2024-01-09,WN,LGA,"New York, NY",NY,ATL,"Atlanta, GA",GA,-5.00,-6.00,0.00,762.00,1055,2,,,,,
2024-01-29,AS,EUG,"Eugene, OR",OR,SEA,"Seattle, WA",WA,18.00,5.00,0.00,234.00,1335,1,,,,,
2024-01-30,NK,LAX,"Los Angeles, CA",CA,FLL,"Fort Lauderdale, FL",FL,26.00,9.00,0.00,2343.00,2110,2,,,,,
2024-01-17,OO,CDC,"Cedar City, UT",UT,SLC,"Salt Lake City, UT",UT,69.00,69.00,0.00,221.00,1323,3,0.00,69.00,0.00,0.00,0.00
2024-01-16,WN,SJC,"San Jose, CA",CA,SNA,"Santa Ana, CA",CA,-3.00,-13.00,0.00,342.00,0925,2,,,,,
2024-01-05,WN,SAN,"San Diego, CA",CA,STL,"St. Louis, MO",MO,-2.00,-23.00,0.00,1557.00,1310,5,,,,,
2024-01-23,OO,AGS,"Augusta, GA",GA,ATL,"Atlanta, GA",GA,72.00,81.00,0.00,143.00,0600,2,72.00,0.00,9.00,0.00,0.00
2024-01-12,DL,ATL,"Atlanta, GA",GA,LAX,"Los Angeles, CA",CA,10.00,11.00,0.00,1947.00,1830,5,,,,,
2024-01-28,OH,DFW,"Dallas/Fort Worth, TX",TX,LFT,"Lafayette, LA",LA,88.00,79.00,0.00,351.00,1244,7,79.00,0.00,0.00,0.00,0.00
2024-01-18,OO,MSN,"Madison, WI",WI,MSP,"Minneapolis, MN",MN,-1.00,-14.00,0.00,228.00,1159,4,,,,,
2024-01-25,AA,OGG,"Kahului, HI",HI,PHX,"Phoenix, AZ",AZ,-7.00,-16.00,0.00,2845.00,2220,4,,,,,
2024-01-08,UA,LGA,"New York, NY",NY,DEN,"Denver, CO",CO,-3.00,3.00,0.00,1620.00,0940,1,,,,,
2024-01-12,MQ,ORD,"Chicago, IL",IL,SGF,"Springfield, MO",MO,-5.00,17.00,0.00,438.00,1855,5,0.00,0.00,17.00,0.00,0.00
2024-01-06,OO,TUL,"Tulsa, OK",OK,ORD,"Chicago, IL",IL,-3.00,-10.00,0.00,585.00,1445,6,,,,,
2024-01-22,UA,DEN,"Denver, CO",CO,SAN,"San Diego, CA",CA,-6.00,2.00,0.00,853.00,1345,1,,,,,
2024-01-18,9E,CVG,"Cincinnati, OH",KY,DCA,"Washington, DC",VA,28.00,25.00,0.00,411.00,1725,4,0.00,0.00,0.00,0.00,25.00
2024-01-11,AA,PIT,"Pittsburgh, PA",PA,CLT,"Charlotte, NC",NC,-3.00,-8.00,0.00,366.00,1030,4,,,,,
2024-01-12,AA,SAT,"San Antonio, TX",TX,DFW,"Dallas/Fort Worth, TX",TX,87.00,82.00,0.00,247.00,0908,5,0.00,55.00,0.00,0.00,27.00
2024-01-11,MQ,ORD,"Chicago, IL",IL,SGF,"Springfield, MO",MO,-4.00,-7.00,0.00,438.00,1543,4,,,,,
2024-01-22,WN,DEN,"Denver, CO",CO,DAL,"Dallas, TX",TX,8.00,13.00,0.00,651.00,0915,1,,,,,
2024-01-06,WN,FLL,"Fort Lauderdale, FL",FL,ATL,"Atlanta, GA",GA,73.00,67.00,0.00,581.00,1910,6,10.00,0.00,0.00,0.00,57.00
2024-01-24,AA,MSP,"Minneapolis, MN",MN,MIA,"Miami, FL",FL,-5.00,5.00,0.00,1501.00,0600,3,,,,,
2024-01-10,AA,BOS,"Boston, MA",MA,LAX,"Los Angeles, CA",CA,-7.00,-6.00,0.00,2611.00,0730,3,,,,,
2024-01-02,DL,LGA,"New York, NY",NY,DFW,"Dallas/Fort Worth, TX",TX,-7.00,-50.00,0.00,1389.00,1005,2,,,,,
2024-01-21,DL,OAK,"Oakland, CA",CA,SLC,"Salt Lake City, UT",UT,21.00,18.00,0.00,588.00,1315,7,0.00,0.00,0.00,0.00,18.00
2024-01-17,OO,PHX,"Phoenix, AZ",AZ,SAF,"Santa Fe, NM",NM,-8.00,-2.00,0.00,370.00,1321,3,,,,,
2024-01-27,DL,RSW,"Fort Myers, FL",FL,CVG,"Cincinnati, OH",KY,-5.00,-20.00,0.00,879.00,1200,6,,,,,
2024-01-01,YX,DAY,"Dayton, OH",OH,LGA,"New York, NY",NY,-13.00,-13.00,0.00,549.00,1557,1,,,,,
2024-01-20,NK,FLL,"Fort Lauderdale, FL",FL,AUS,"Austin, TX",TX,-4.00,17.00,0.00,1105.00,1643,6,0.00,0.00,17.00,0.00,0.00
2024-01-21,UA,PHX,"Phoenix, AZ",AZ,IAH,"Houston, TX",TX,-5.00,-16.00,0.00,1009.00,1315,7,,,,,
2024-01-04,WN,MEM,"Memphis, TN",TN,MDW,"Chicago, IL",IL,45.00,56.00,0.00,480.00,0605,4,45.00,0.00,11.00,0.00,0.00
2024-01-04,OH,CLT,"Charlotte, NC",NC,SHV,"Shreveport, LA",LA,-18.00,-44.00,0.00,764.00,2244,4,,,,,
2024-01-29,9E,DTW,"Detroit, MI",MI,SYR,"Syracuse, NY",NY,2.00,0.00,0.00,374.00,1610,1,,,,,
2024-01-21,AA,PHL,"Philadelphia, PA",PA,DFW,"Dallas/Fort Worth, TX",TX,4.00,3.00,0.00,1303.00,1256,7,,,,,
2024-01-25,B6,MCO,"Orlando, FL",FL,DCA,"Washington, DC",VA,-7.00,-14.00,0.00,759.00,1050,4,,,,,
2024-01-13,AA,STT,"Charlotte Amalie, VI",VI,JFK,"New York, NY",NY,51.00,40.00,0.00,1623.00,1740,6,0.00,0.00,0.00,0.00,40.00
2024-01-22,WN,RDU,"Raleigh/Durham, NC",NC,BWI,"Baltimore, MD",MD,-3.00,-13.00,0.00,255.00,1535,1,,,,,
2024-01-25,UA,IAD,"Washington, DC",VA,ORD,"Chicago, IL",IL,0.00,-14.00,0.00,588.00,1250,4,,,,,
2024-01-24,UA,PHX,"Phoenix, AZ",AZ,EWR,"Newark, NJ",NJ,-9.00,-6.00,0.00,2133.00,0800,3,,,,,
2024-01-28,DL,DTW,"Detroit, MI",MI,SAN,"San Diego, CA",CA,0.00,10.00,0.00,1956.00,0908,7,,,,,
2024-01-10,DL,MCO,"Orlando, FL",FL,BOS,"Boston, MA",MA,127.00,108.00,0.00,1121.00,1640,3,0.00,0.00,0.00,0.00,108.00
2024-01-19,MQ,AMA,"Amarillo, TX",TX,DFW,"Dallas/Fort Worth, TX",TX,-5.00,-11.00,0.00,312.00,1020,5,,,,,
2024-01-07,OO,HPN,"White Plains, NY",NY,DTW,"Detroit, MI",MI,5.00,0.00,0.00,505.00,0945,7,,,,,
2024-01-03,WN,LGA,"New York, NY",NY,ATL,"Atlanta, GA",GA,-2.00,-31.00,0.00,762.00,1055,3,,,,,
2024-01-05,UA,PBI,"West Palm Beach/Palm Beach, FL",FL,EWR,"Newark, NJ",NJ,-3.00,-13.00,0.00,1023.00,1115,5,,,,,
2024-01-25,B6,LGA,"New York, NY",NY,BOS,"Boston, MA",MA,-6.00,-13.00,0.00,184.00,2015,4,,,,,
2024-01-23,AA,PHL,"Philadelphia, PA",PA,AUS,"Austin, TX",TX,-9.00,-22.00,0.00,1430.00,0920,2,,,,,
2024-01-06,UA,DEN,"Denver, CO",CO,IAH,"Houston, TX",TX,95.00,85.00,0.00,862.00,1540,6,45.00,0.00,0.00,0.00,40.00
2024-01-18,DL,ATL,"Atlanta, GA",GA,JAX,"Jacksonville, FL",FL,-2.00,-7.00,0.00,270.00,0913,4,,,,,
2024-01-12,HA,HNL,"Honolulu, HI",HI,LIH,"Lihue, HI",HI,35.00,37.00,0.00,102.00,1930,5,2.00,0.00,0.00,0.00,35.00
2024-01-20,UA,COS,"Colorado Springs, CO",CO,DEN,"Denver, CO",CO,-5.00,-13.00,0.00,73.00,0802,6,,,,,
2024-01-14,OO,SLC,"Salt Lake City, UT",UT,FAT,"Fresno, CA",CA,5.00,13.00,0.00,501.00,2105,7,,,,,
2024-01-23,AA,MCO,"Orlando, FL",FL,PHL,"Philadelphia, PA",PA,7.00,-6.00,0.00,861.00,1438,2,,,,,
2024-01-28,AA,MSY,"New Orleans, LA",LA,PHX,"Phoenix, AZ",AZ,-7.00,-26.00,0.00,1300.00,1812,7,,,,,
2024-01-24,WN,BWI,"Baltimore, MD",MD,MSP,"Minneapolis, MN",MN,-1.00,5.00,0.00,936.00,1125,3,,,,,
2024-01-04,9E,LGA,"New York, NY",NY,PWM,"Portland, ME",ME,-10.00,-28.00,0.00,269.00,2030,4,,,,,
2024-01-07,YX,LGA,"New York, NY",NY,ILM,"Wilmington, NC",NC,-8.00,-12.00,0.00,500.00,0810,7,,,,,
2024-01-20,OH,CLT,"Charlotte, NC",NC,AVL,"Asheville, NC",NC,15.00,21.00,0.00,91.00,0749,6,15.00,0.00,6.00,0.00,0.00
2024-01-11,WN,DEN,"Denver, CO",CO,IND,"Indianapolis, IN",IN,11.00,-3.00,0.00,977.00,1110,4,,,,,
2024-01-24,F9,PHL,"Philadelphia, PA",PA,TPA,"Tampa, FL",FL,-11.00,-23.00,0.00,920.00,1317,3,,,,,
2024-01-06,NK,MCO,"Orlando, FL",FL,IAH,"Houston, TX",TX,9.00,14.00,0.00,854.00,1824,6,,,,,
2024-01-29,AA,SAT,"San Antonio, TX",TX,PHX,"Phoenix, AZ",AZ,-9.00,-3.00,0.00,843.00,0844,1,,,,,
2024-01-27,YX,EWR,"Newark, NJ",NJ,CMH,"Columbus, OH",OH,-5.00,-22.00,0.00,463.00,0900,6,,,,,
2024-01-28,UA,ORD,"Chicago, IL",IL,BNA,"Nashville, TN",TN,-4.00,-14.00,0.00,409.00,1400,7,,,,,
2024-01-19,WN,ELP,"El Paso, TX",TX,DAL,"Dallas, TX",TX,-8.00,8.00,0.00,562.00,1715,5,,,,,
2024-01-09,WN,MSP,"Minneapolis, MN",MN,MCI,"Kansas City, MO",MO,-2.00,-4.00,0.00,393.00,0730,2,,,,,
2024-01-27,AA,MCO,"Orlando, FL",FL,DFW,"Dallas/Fort Worth, TX",TX,13.00,0.00,0.00,985.00,0704,6,,,,,
2024-01-19,OO,STL,"St. Louis, MO",MO,MSP,"Minneapolis, MN",MN,0.00,4.00,0.00,448.00,1304,5,,,,,
2024-01-07,AA,LGA,"New York, NY",NY,CLT,"Charlotte, NC",NC,-1.00,0.00,0.00,544.00,1912,7,,,,,
2024-01-16,AA,SFO,"San Francisco, CA",CA,DFW,"Dallas/Fort Worth, TX",TX,137.00,132.00,0.00,1464.00,1311,2,0.00,0.00,0.00,0.00,132.00
2024-01-05,AA,PHL,"Philadelphia, PA",PA,DEN,"Denver, CO",CO,17.00,1.00,0.00,1558.00,0910,5,,,,,
2024-01-07,AA,MIA,"Miami, FL",FL,RDU,"Raleigh/Durham, NC",NC,9.00,14.00,0.00,700.00,1625,7,,,,,
2024-01-24,UA,FLL,"Fort Lauderdale, FL",FL,EWR,"Newark, NJ",NJ,-3.00,-28.00,0.00,1065.00,1220,3,,,,,
2024-01-31,WN,MDW,"Chicago, IL",IL,MEM,"Memphis, TN",TN,0.00,-12.00,0.00,480.00,0945,3,,,,,
2024-01-02,AS,SEA,"Seattle, WA",WA,RNO,"Reno, NV",NV,-6.00,-3.00,0.00,564.00,1431,2,,,,,
2024-01-11,MQ,CMI,"Champaign/Urbana, IL",IL,ORD,"Chicago, IL",IL,-7.00,-32.00,0.00,135.00,0608,4,,,,,
2024-01-18,UA,SFO,"San Francisco, CA",CA,LAS,"Las Vegas, NV",NV,27.00,9.00,0.00,414.00,1304,4,,,,,
2024-01-19,AA,LAS,"Las Vegas, NV",NV,DFW,"Dallas/Fort Worth, TX",TX,-3.00,-6.00,0.00,1055.00,1101,5,,,,,
2024-01-22,9E,MEM,"Memphis, TN",TN,LGA,"New York, NY",NY,-10.00,-16.00,0.00,963.00,1721,1,,,,,
2024-01-12,9E,CLE,"Cleveland, OH",OH,LGA,"New York, NY",NY,-12.00,-24.00,0.00,419.00,1519,5,,,,,
2024-01-20,OO,DEN,"Denver, CO",CO,PSC,"Pasco/Kennewick/Richland, WA",WA,18.00,16.00,0.00,852.00,1120,6,0.00,0.00,0.00,0.00,16.00
2024-01-05,AA,SNA,"Santa Ana, CA",CA,DFW,"Dallas/Fort Worth, TX",TX,-9.00,-25.00,0.00,1205.00,0801,5,,,,,
2024-01-11,AS,SEA,"Seattle, WA",WA,IAD,"Washington, DC",VA,14.00,-11.00,0.00,2306.00,1000,4,,,,,
2024-01-09,DL,DEN,"Denver, CO",CO,ATL,"Atlanta, GA",GA,-2.00,-10.00,0.00,1199.00,0805,2,,,,,
2024-01-03,OH,MSP,"Minneapolis, MN",MN,PHL,"Philadelphia, PA",PA,-8.00,23.00,0.00,980.00,1325,3,0.00,0.00,23.00,0.00,0.00
2024-01-23,UA,PWM,"Portland, ME",ME,EWR,"Newark, NJ",NJ,-9.00,-31.00,0.00,284.00,0600,2,,,,,
2024-01-03,OO,RDD,"Redding, CA",CA,LAX,"Los Angeles, CA",CA,-10.00,-28.00,0.00,501.00,1855,3,,,,,
2024-01-04,UA,DEN,"Denver, CO",CO,EWR,"Newark, NJ",NJ,9.00,-3.00,0.00,1605.00,1857,4,,,,,
2024-01-25,WN,LBB,"Lubbock, TX",TX,DAL,"Dallas, TX",TX,-6.00,-8.00,0.00,293.00,0615,4,,,,,
2024-01-18,UA,PHX,"Phoenix, AZ",AZ,DEN,"Denver, CO",CO,-2.00,-5.00,0.00,602.00,0830,4,,,,,
2024-01-18,AA,MIA,"Miami, FL",FL,DTW,"Detroit, MI",MI,16.00,-5.00,0.00,1145.00,2106,4,,,,,
2024-01-21,AA,BWI,"Baltimore, MD",MD,CLT,"Charlotte, NC",NC,-4.00,-29.00,0.00,361.00,0923,7,,,,,
2024-01-10,B6,SJU,"San Juan, PR",PR,FLL,"Fort Lauderdale, FL",FL,23.00,34.00,0.00,1046.00,1551,3,5.00,0.00,11.00,0.00,18.00
2024-01-28,DL,LGA,"New York, NY",NY,MCO,"Orlando, FL",FL,0.00,6.00,0.00,950.00,1105,7,,,,,
2024-01-22,UA,SFO,"San Francisco, CA",CA,DEN,"Denver, CO",CO,80.00,59.00,0.00,967.00,1106,1,10.00,0.00,0.00,0.00,49.00
2024-01-17,WN,SEA,"Seattle, WA",WA,SJC,"San Jose, CA",CA,46.00,33.00,0.00,696.00,1540,3,6.00,0.00,0.00,0.00,27.00
2024-01-17,OO,LAS,"Las Vegas, NV",NV,PDX,"Portland, OR",OR,104.00,101.00,0.00,763.00,1952,3,0.00,101.00,0.00,0.00,0.00
2024-01-30,YX,BOS,"Boston, MA",MA,ORD,"Chicago, IL",IL,-9.00,-31.00,0.00,867.00,1440,2,,,,,
2024-01-03,DL,CHS,"Charleston, SC",SC,ATL,"Atlanta, GA",GA,-7.00,-11.00,0.00,259.00,1743,3,,,,,
2024-01-30,DL,PHX,"Phoenix, AZ",AZ,SLC,"Salt Lake City, UT",UT,-8.00,-16.00,0.00,507.00,1759,2,,,,,
2024-01-01,WN,LGB,"Long Beach, CA",CA,SLC,"Salt Lake City, UT",UT,8.00,-2.00,0.00,588.00,1555,1,,,,,
2024-01-04,WN,AUS,"Austin, TX",TX,LAS,"Las Vegas, NV",NV,-2.00,-11.00,0.00,1090.00,0605,4,,,,,
2024-01-02,MQ,ORD,"Chicago, IL",IL,ROC,"Rochester, NY",NY,-4.00,-3.00,0.00,528.00,0826,2,,,,,
2024-01-04,AA,FLL,"Fort Lauderdale, FL",FL,CLT,"Charlotte, NC",NC,-8.00,-22.00,0.00,632.00,1619,4,,,,,
2024-01-02,DL,ATL,"Atlanta, GA",GA,DCA,"Washington, DC",VA,-2.00,-9.00,0.00,547.00,2115,2,,,,,
2024-01-16,WN,PHX,"Phoenix, AZ",AZ,LAS,"Las Vegas, NV",NV,0.00,-6.00,0.00,255.00,1040,2,,,,,
2024-01-06,AA,CLT,"Charlotte, NC",NC,STT,"Charlotte Amalie, VI",VI,38.00,32.00,0.00,1520.00,1132,6,8.00,0.00,0.00,0.00,24.00
2024-01-23,WN,DEN,"Denver, CO",CO,SFO,"San Francisco, CA",CA,8.00,3.00,0.00,967.00,1710,2,,,,,
2024-01-04,WN,HOU,"Houston, TX",TX,PNS,"Pensacola, FL",FL,23.00,13.00,0.00,488.00,1505,4,,,,,
2024-01-30,YX,CVG,"Cincinnati, OH",KY,LGA,"New York, NY",NY,-7.00,-23.00,0.00,585.00,0629,2,,,,,
2024-01-18,MQ,DFW,"Dallas/Fort Worth, TX",TX,XNA,"Fayetteville, AR",AR,-2.00,-3.00,0.00,280.00,0708,4,,,,,
2024-01-10,OO,ORD,"Chicago, IL",IL,MKE,"Milwaukee, WI",WI,18.00,12.00,0.00,67.00,2105,3,,,,,
2024-01-14,B6,SJU,"San Juan, PR",PR,BOS,"Boston, MA",MA,-5.00,-34.00,0.00,1674.00,2024,7,,,,,
2024-01-23,WN,SLC,"Salt Lake City, UT",UT,PHX,"Phoenix, AZ",AZ,10.00,0.00,0.00,507.00,1750,2,,,,,
2024-01-27,NK,ACY,"Atlantic City, NJ",NJ,MCO,"Orlando, FL",FL,-4.00,-22.00,0.00,852.00,1330,6,,,,,
2024-01-24,AS,SLC,"Salt Lake City, UT",UT,SEA,"Seattle, WA",WA,-14.00,-31.00,0.00,689.00,0700,3,,,,,
2024-01-31,UA,DEN,"Denver, CO",CO,GEG,"Spokane, WA",WA,1.00,-23.00,0.00,836.00,1116,3,,,,,
2024-01-18,B6,MCO,"Orlando, FL",FL,BOS,"Boston, MA",MA,-11.00,-32.00,0.00,1121.00,1120,4,,,,,
2024-01-07,WN,LAX,"Los Angeles, CA",CA,PHX,"Phoenix, AZ",AZ,33.00,31.00,0.00,370.00,2055,7,11.00,0.00,0.00,0.00,20.00
2024-01-07,B6,BOS,"Boston, MA",MA,MCO,"Orlando, FL",FL,30.00,98.00,0.00,1121.00,1925,7,2.00,0.00,68.00,0.00,28.00
2024-01-31,WN,MDW,"Chicago, IL",IL,ROC,"Rochester, NY",NY,94.00,83.00,0.00,523.00,1925,3,0.00,0.00,0.00,0.00,83.00
2024-01-06,UA,IAH,"Houston, TX",TX,EGE,"Eagle, CO",CO,-2.00,53.00,0.00,934.00,1000,6,0.00,0.00,53.00,0.00,0.00
2024-01-11,DL,ATL,"Atlanta, GA",GA,LGA,"New York, NY",NY,-2.00,-21.00,0.00,762.00,1630,4,,,,,
2024-01-22,WN,BDL,"Hartford, CT",CT,BWI,"Baltimore, MD",MD,-6.00,-23.00,0.00,283.00,1715,1,,,,,
2024-01-25,UA,SFO,"San Francisco, CA",CA,IAH,"Houston, TX",TX,132.00,116.00,0.00,1635.00,1830,4,116.00,0.00,0.00,0.00,0.00
2024-01-27,F9,CVG,"Cincinnati, OH",KY,DEN,"Denver, CO",CO,-10.00,-29.00,0.00,1069.00,2110,6,,,,,
2024-01-16,AA,CLT,"Charlotte, NC",NC,PHL,"Philadelphia, PA",PA,35.00,41.00,0.00,449.00,2040,2,0.00,0.00,6.00,0.00,35.00
2024-01-13,OH,CLT,"Charlotte, NC",NC,LEX,"Lexington, KY",KY,-5.00,-11.00,0.00,281.00,1559,6,,,,,
2024-01-14,WN,LGA,"New York, NY",NY,BNA,"Nashville, TN",TN,115.00,135.00,0.00,764.00,1605,7,14.00,0.00,20.00,0.00,101.00
2024-01-21,OO,DEN,"Denver, CO",CO,HSV,"Huntsville, AL",AL,-4.00,-2.00,0.00,1048.00,1010,7,,,,,
2024-01-24,OO,PDX,"Portland, OR",OR,RNO,"Reno, NV",NV,-3.00,-3.00,0.00,444.00,1015,3,,,,,
2024-01-09,AA,GUC,"Gunnison, CO",CO,DFW,"Dallas/Fort Worth, TX",TX,36.00,35.00,0.00,678.00,1240,2,0.00,0.00,0.00,0.00,35.00
2024-01-06,WN,ATL,"Atlanta, GA",GA,LIT,"Little Rock, AR",AR,28.00,43.00,0.00,453.00,0840,6,28.00,0.00,15.00,0.00,0.00
2024-01-06,DL,SJC,"San Jose, CA",CA,SLC,"Salt Lake City, UT",UT,66.00,53.00,0.00,584.00,1726,6,53.00,0.00,0.00,0.00,0.00
2024-01-05,WN,SJC,"San Jose, CA",CA,OGG,"Kahului, HI",HI,-5.00,-9.00,0.00,2355.00,1145,5,,,,,
2024-01-01,UA,FLL,"Fort Lauderdale, FL",FL,ORD,"Chicago, IL",IL,1.00,12.00,0.00,1182.00,1605,1,,,,,
2024-01-18,YX,DCA,"Washington, DC",VA,IND,"Indianapolis, IN",IN,-5.00,-9.00,0.00,500.00,1007,4,,,,,
2024-01-13,WN,MCO,"Orlando, FL",FL,PVD,"Providence, RI",RI,4.00,-11.00,0.00,1072.00,0830,6,,,,,
2024-01-12,F9,MCO,"Orlando, FL",FL,IAH,"Houston, TX",TX,-5.00,4.00,0.00,854.00,2208,5,,,,,
2024-01-05,WN,BUR,"Burbank, CA",CA,OAK,"Oakland, CA",CA,-7.00,-15.00,0.00,325.00,1410,5,,,,,
2024-01-26,WN,BWI,"Baltimore, MD",MD,CVG,"Cincinnati, OH",KY,-3.00,-6.00,0.00,430.00,1005,5,,,,,
2024-01-02,F9,STT,"Charlotte Amalie, VI",VI,SJU,"San Juan, PR",PR,3.00,24.00,0.00,68.00,1427,2,3.00,0.00,21.00,0.00,0.00
2024-01-19,AA,BTV,"Burlington, VT",VT,PHL,"Philadelphia, PA",PA,89.00,85.00,0.00,335.00,1558,5,0.00,0.00,1.00,0.00,84.00
2024-01-07,UA,EWR,"Newark, NJ",NJ,LAX,"Los Angeles, CA",CA,0.00,-22.00,0.00,2454.00,1430,7,,,,,
2024-01-14,G4,GRR,"Grand Rapids, MI",MI,PGD,"Punta Gorda, FL",FL,23.00,136.00,0.00,1118.00,0730,7,0.00,23.00,113.00,0.00,0.00
2024-01-04,DL,ATL,"Atlanta, GA",GA,LAS,"Las Vegas, NV",NV,-1.00,-33.00,0.00,1747.00,1110,4,,,,,
2024-01-15,OO,GEG,"Spokane, WA",WA,SEA,"Seattle, WA",WA,-6.00,-5.00,0.00,224.00,1620,1,,,,,
2024-01-06,YX,RDU,"Raleigh/Durham, NC",NC,ORD,"Chicago, IL",IL,-7.00,-17.00,0.00,646.00,0600,6,,,,,
2024-01-07,AA,LAS,"Las Vegas, NV",NV,DFW,"Dallas/Fort Worth, TX",TX,-11.00,-17.00,0.00,1055.00,0906,7,,,,,
2024-01-20,UA,IAH,"Houston, TX",TX,MCO,"Orlando, FL",FL,-4.00,-19.00,0.00,854.00,1825,6,,,,,
2024-01-09,WN,BOS,"Boston, MA",MA,BNA,"Nashville, TN",TN,6.00,1.00,0.00,942.00,1425,2,,,,,
2024-01-03,DL,BWI,"Baltimore, MD",MD,MSP,"Minneapolis, MN",MN,0.00,4.00,0.00,936.00,0610,3,,,,,
2024-01-15,AS,SEA,"Seattle, WA",WA,JFK,"New York, NY",NY,71.00,72.00,0.00,2422.00,1415,1,71.00,0.00,1.00,0.00,0.00
2024-01-23,WN,AUS,"Austin, TX",TX,ATL,"Atlanta, GA",GA,-4.00,-4.00,0.00,813.00,0650,2,,,,,
2024-01-10,HA,HNL,"Honolulu, HI",HI,ITO,"Hilo, HI",HI,-3.00,1.00,0.00,216.00,0610,3,,,,,
2024-01-14,AA,DFW,"Dallas/Fort Worth, TX",TX,MSY,"New Orleans, LA",LA,-3.00,20.00,0.00,447.00,2058,7,0.00,0.00,20.00,0.00,0.00
2024-01-12,WN,LAS,"Las Vegas, NV",NV,MCI,"Kansas City, MO",MO,-3.00,-18.00,0.00,1139.00,0625,5,,,,,
2024-01-23,AS,SEA,"Seattle, WA",WA,PSP,"Palm Springs, CA",CA,14.00,3.00,0.00,987.00,1716,2,,,,,
2024-01-04,AA,PHX,"Phoenix, AZ",AZ,BOS,"Boston, MA",MA,-4.00,-4.00,0.00,2300.00,1710,4,,,,,
2024-01-27,AA,PBI,"West Palm Beach/Palm Beach, FL",FL,DFW,"Dallas/Fort Worth, TX",TX,136.00,129.00,0.00,1102.00,1542,6,69.00,0.00,0.00,0.00,60.00
2024-01-14,WN,TPA,"Tampa, FL",FL,DCA,"Washington, DC",VA,3.00,-17.00,0.00,814.00,1535,7,,,,,
2024-01-05,MQ,CVG,"Cincinnati, OH",KY,DFW,"Dallas/Fort Worth, TX",TX,3.00,24.00,0.00,812.00,0715,5,3.00,0.00,21.00,0.00,0.00
2024-01-23,AA,LGA,"New York, NY",NY,DFW,"Dallas/Fort Worth, TX",TX,15.00,-12.00,0.00,1389.00,1329,2,,,,,
2024-01-01,DL,BNA,"Nashville, TN",TN,ATL,"Atlanta, GA",GA,1.00,-16.00,0.00,214.00,0715,1,,,,,
2024-01-10,UA,IND,"Indianapolis, IN",IN,IAH,"Houston, TX",TX,41.00,51.00,0.00,844.00,1634,3,7.00,0.00,10.00,0.00,34.00
2024-01-27,AA,LGA,"New York, NY",NY,DCA,"Washington, DC",VA,-8.00,-31.00,0.00,214.00,0600,6,,,,,
2024-01-07,OO,TUS,"Tucson, AZ",AZ,PHX,"Phoenix, AZ",AZ,4.00,36.00,0.00,110.00,1130,7,0.00,0.00,32.00,0.00,4.00
2024-01-08,AA,LAX,"Los Angeles, CA",CA,MIA,"Miami, FL",FL,1.00,-16.00,0.00,2342.00,1312,1,,,,,
2024-01-25,WN,DAL,"Dallas, TX",TX,SAT,"San Antonio, TX",TX,0.00,4.00,0.00,247.00,1315,4,,,,,
2024-01-07,OH,BHM,"Birmingham, AL",AL,CLT,"Charlotte, NC",NC,-8.00,-14.00,0.00,350.00,0735,7,,,,,
2024-01-17,YX,LGA,"New York, NY",NY,EYW,"Key West, FL",FL,0.00,-12.00,0.00,1207.00,0929,3,,,,,
2024-01-27,YX,PBI,"West Palm Beach/Palm Beach, FL",FL,DCA,"Washington, DC",VA,-9.00,-24.00,0.00,857.00,1030,6,,,,,
2024-01-29,OO,DEN,"Denver, CO",CO,FAR,"Fargo, ND",ND,-3.00,-15.00,0.00,627.00,1015,1,,,,,
2024-01-05,WN,MCI,"Kansas City, MO",MO,DEN,"Denver, CO",CO,-5.00,2.00,0.00,533.00,1515,5,,,,,
2024-01-15,OO,GEG,"Spokane, WA",WA,SEA,"Seattle, WA",WA,338.00,322.00,0.00,224.00,0910,1,322.00,0.00,0.00,0.00,0.00
2024-01-22,WN,ABQ,"Albuquerque, NM",NM,DAL,"Dallas, TX",TX,0.00,5.00,0.00,580.00,0845,1,,,,,
2024-01-08,UA,TPA,"Tampa, FL",FL,DEN,"Denver, CO",CO,-4.00,-15.00,0.00,1506.00,1015,1,,,,,
2024-01-06,UA,SNA,"Santa Ana, CA",CA,SFO,"San Francisco, CA",CA,-6.00,-14.00,0.00,372.00,1940,6,,,,,
2024-01-04,YX,CVG,"Cincinnati, OH",KY,BOS,"Boston, MA",MA,-8.00,-20.00,0.00,752.00,1845,4,,,,,
2024-01-08,WN,FLL,"Fort Lauderdale, FL",FL,MDW,"Chicago, IL",IL,-6.00,-19.00,0.00,1167.00,1110,1,,,,,
2024-01-16,DL,GSO,"Greensboro/High Point, NC",NC,ATL,"Atlanta, GA",GA,-10.00,-17.00,0.00,306.00,1059,2,,,,,
2024-01-09,OO,DFW,"Dallas/Fort Worth, TX",TX,ASE,"Aspen, CO",CO,23.00,30.00,0.00,701.00,0834,2,23.00,0.00,7.00,0.00,0.00
2024-01-30,MQ,DFW,"Dallas/Fort Worth, TX",TX,FAR,"Fargo, ND",ND,-10.00,-9.00,0.00,968.00,1040,2,,,,,
2024-01-28,DL,MCO,"Orlando, FL",FL,BOS,"Boston, MA",MA,71.00,71.00,0.00,1121.00,1540,7,4.00,0.00,0.00,0.00,67.00
2024-01-10,YX,EWR,"Newark, NJ",NJ,SDF,"Louisville, KY",KY,-6.00,-15.00,0.00,642.00,1700,3,,,,,
2024-01-19,MQ,HOU,"Houston, TX",TX,DFW,"Dallas/Fort Worth, TX",TX,-7.00,-15.00,0.00,247.00,1226,5,,,,,
2024-01-20,DL,PHL,"Philadelphia, PA",PA,ATL,"Atlanta, GA",GA,-7.00,5.00,0.00,666.00,0710,6,,,,,
2024-01-08,OH,CLT,"Charlotte, NC",NC,SHV,"Shreveport, LA",LA,-5.00,-4.00,0.00,764.00,0928,1,,,,,
2024-01-09,OO,DEN,"Denver, CO",CO,MAF,"Midland/Odessa, TX",TX,3.00,-9.00,0.00,563.00,1330,2,,,,,
2024-01-23,NK,DTW,"Detroit, MI",MI,FLL,"Fort Lauderdale, FL",FL,-2.00,-4.00,0.00,1127.00,0635,2,,,,,
2024-01-20,AS,SAN,"San Diego, CA",CA,SEA,"Seattle, WA",WA,-3.00,-27.00,0.00,1050.00,1440,6,,,,,
2024-01-17,DL,DTW,"Detroit, MI",MI,RDU,"Raleigh/Durham, NC",NC,112.00,97.00,0.00,501.00,1605,3,97.00,0.00,0.00,0.00,0.00
2024-01-02,DL,ATL,"Atlanta, GA",GA,DSM,"Des Moines, IA",IA,-2.00,-11.00,0.00,743.00,2230,2,,,,,
2024-01-08,9E,GRR,"Grand Rapids, MI",MI,LGA,"New York, NY",NY,-5.00,-26.00,0.00,618.00,1128,1,,,,,
2024-01-18,AA,DFW,"Dallas/Fort Worth, TX",TX,LIT,"Little Rock, AR",AR,-4.00,-11.00,0.00,304.00,1635,4,,,,,
2024-01-25,AS,SEA,"Seattle, WA",WA,PSP,"Palm Springs, CA",CA,1.00,-25.00,0.00,987.00,1040,4,,,,,
2024-01-20,OO,BNA,"Nashville, TN",TN,ORD,"Chicago, IL",IL,-5.00,24.00,0.00,409.00,0745,6,0.00,0.00,24.00,0.00,0.00
2024-01-24,AA,CLT,"Charlotte, NC",NC,LAS,"Las Vegas, NV",NV,68.00,36.00,0.00,1916.00,1136,3,0.00,3.00,0.00,0.00,33.00
2024-01-21,AA,DFW,"Dallas/Fort Worth, TX",TX,AUS,"Austin, TX",TX,13.00,22.00,0.00,190.00,1900,7,0.00,0.00,9.00,0.00,13.00
2024-01-19,WN,BUF,"Buffalo, NY",NY,DEN,"Denver, CO",CO,2.00,16.00,0.00,1359.00,1000,5,0.00,0.00,16.00,0.00,0.00
2024-01-02,AA,CLE,"Cleveland, OH",OH,CLT,"Charlotte, NC",NC,-7.00,-16.00,0.00,430.00,1407,2,,,,,
2024-01-04,WN,MDW,"Chicago, IL",IL,HOU,"Houston, TX",TX,0.00,-14.00,0.00,937.00,0535,4,,,,,
2024-01-23,WN,SDF,"Louisville, KY",KY,LAS,"Las Vegas, NV",NV,1.00,-23.00,0.00,1624.00,0715,2,,,,,
2024-01-07,DL,ATL,"Atlanta, GA",GA,LAS,"Las Vegas, NV",NV,-4.00,-5.00,0.00,1747.00,1425,7,,,,,
2024-01-28,OO,ATL,"Atlanta, GA",GA,TRI,"Bristol/Johnson City/Kingsport, TN",TN,-4.00,0.00,0.00,227.00,0914,7,,,,,
2024-01-06,AA,MIA,"Miami, FL",FL,LAS,"Las Vegas, NV",NV,3.00,25.00,0.00,2174.00,0849,6,3.00,0.00,22.00,0.00,0.00
2024-01-27,AA,ONT,"Ontario, CA",CA,PHX,"Phoenix, AZ",AZ,-12.00,-14.00,0.00,325.00,0644,6,,,,,
2024-01-21,DL,BNA,"Nashville, TN",TN,ATL,"Atlanta, GA",GA,-5.00,4.00,0.00,214.00,0515,7,,,,,
2024-01-28,AA,CLT,"Charlotte, NC",NC,STT,"Charlotte Amalie, VI",VI,-5.00,-12.00,0.00,1520.00,0726,7,,,,,
2024-01-18,B6,TPA,"Tampa, FL",FL,LGA,"New York, NY",NY,-10.00,-28.00,0.00,1010.00,1315,4,,,,,
2024-01-09,OO,SLC,"Salt Lake City, UT",UT,PSP,"Palm Springs, CA",CA,0.00,-5.00,0.00,541.00,2105,2,,,,,
2024-01-07,AA,PHL,"Philadelphia, PA",PA,PHX,"Phoenix, AZ",AZ,-3.00,-17.00,0.00,2075.00,1035,7,,,,,
2024-01-29,WN,DEN,"Denver, CO",CO,IAD,"Washington, DC",VA,-3.00,-9.00,0.00,1452.00,0815,1,,,,,
2024-01-27,AS,SJC,"San Jose, CA",CA,HNL,"Honolulu, HI",HI,-10.00,6.00,0.00,2417.00,0700,6,,,,,
2024-01-14,UA,IAH,"Houston, TX",TX,ORD,"Chicago, IL",IL,-6.00,80.00,0.00,925.00,0800,7,0.00,0.00,80.00,0.00,0.00
2024-01-29,YX,SYR,"Syracuse, NY",NY,DCA,"Washington, DC",VA,-8.00,-23.00,0.00,298.00,0543,1,,,,,
2024-01-04,AA,RSW,"Fort Myers, FL",FL,CLT,"Charlotte, NC",NC,-8.00,1.00,0.00,600.00,1347,4,,,,,
2024-01-05,UA,DEN,"Denver, CO",CO,TPA,"Tampa, FL",FL,3.00,7.00,0.00,1506.00,1745,5,,,,,
2024-01-09,YX,LGA,"New York, NY",NY,ORF,"Norfolk, VA",VA,-8.00,-10.00,0.00,296.00,0740,2,,,,,
2024-01-25,WN,ELP,"El Paso, TX",TX,DAL,"Dallas, TX",TX,-10.00,-13.00,0.00,562.00,0955,4,,,,,
2024-01-07,AA,DFW,"Dallas/Fort Worth, TX",TX,ORD,"Chicago, IL",IL,-4.00,-31.00,0.00,802.00,2125,7,,,,,
2024-01-12,F9,DSM,"Des Moines, IA",IA,MCO,"Orlando, FL",FL,31.00,71.00,0.00,1141.00,1052,5,31.00,0.00,40.00,0.00,0.00
2024-01-29,MQ,MIA,"Miami, FL",FL,DSM,"Des Moines, IA",IA,-2.00,-8.00,0.00,1327.00,2109,1,,,,,
2024-01-26,WN,MCI,"Kansas City, MO",MO,DEN,"Denver, CO",CO,0.00,-22.00,0.00,533.00,0805,5,,,,,
2024-01-26,AA,AUS,"Austin, TX",TX,LAS,"Las Vegas, NV",NV,44.00,43.00,0.00,1090.00,1947,5,0.00,0.00,0.00,0.00,43.00
2024-01-16,9E,ATL,"Atlanta, GA",GA,BMI,"Bloomington/Normal, IL",IL,9.00,9.00,0.00,533.00,1429,2,,,,,
2024-01-15,MQ,STL,"St. Louis, MO",MO,BOS,"Boston, MA",MA,157.00,140.00,0.00,1047.00,1346,1,0.00,5.00,0.00,0.00,135.00
2024-01-17,WN,PHX,"Phoenix, AZ",AZ,ABQ,"Albuquerque, NM",NM,21.00,4.00,0.00,328.00,2025,3,,,,,
2024-01-08,B6,BUF,"Buffalo, NY",NY,LAX,"Los Angeles, CA",CA,-2.00,-55.00,0.00,2218.00,2040,1,,,,,
2024-01-09,WN,ONT,"Ontario, CA",CA,AUS,"Austin, TX",TX,0.00,11.00,0.00,1196.00,1000,2,,,,,
2024-01-12,AA,MIA,"Miami, FL",FL,STX,"Christiansted, VI",VI,37.00,33.00,0.00,1139.00,1045,5,3.00,0.00,0.00,0.00,30.00
2024-01-11,OH,CLT,"Charlotte, NC",NC,GSP,"Greer, SC",SC,-6.00,-14.00,0.00,75.00,1111,4,,,,,
2024-01-22,DL,ATL,"Atlanta, GA",GA,MCI,"Kansas City, MO",MO,-6.00,-26.00,0.00,692.00,1622,1,,,,,
2024-01-19,G4,FLL,"Fort Lauderdale, FL",FL,GSP,"Greer, SC",SC,-9.00,-20.00,0.00,620.00,0730,5,,,,,
2024-01-19,AA,DFW,"Dallas/Fort Worth, TX",TX,ATL,"Atlanta, GA",GA,-5.00,-11.00,0.00,731.00,0717,5,,,,,
2024-01-22,AA,TPA,"Tampa, FL",FL,PHX,"Phoenix, AZ",AZ,0.00,-28.00,0.00,1788.00,1734,1,,,,,
2024-01-23,WN,DEN,"Denver, CO",CO,GRR,"Grand Rapids, MI",MI,-4.00,-9.00,0.00,1015.00,1155,2,,,,,
2024-01-30,WN,ONT,"Ontario, CA",CA,LAS,"Las Vegas, NV",NV,-4.00,-11.00,0.00,197.00,0810,2,,,,,
2024-01-10,DL,DTW,"Detroit, MI",MI,MSP,"Minneapolis, MN",MN,0.00,-13.00,0.00,528.00,0825,3,,,,,
2024-01-17,NK,LAS,"Las Vegas, NV",NV,PDX,"Portland, OR",OR,-8.00,126.00,0.00,763.00,0855,3,0.00,0.00,126.00,0.00,0.00
2024-01-11,DL,MYR,"Myrtle Beach, SC",SC,ATL,"Atlanta, GA",GA,-15.00,-24.00,0.00,317.00,1700,4,,,,,
2024-01-08,B6,PBI,"West Palm Beach/Palm Beach, FL",FL,JFK,"New York, NY",NY,12.00,-6.00,0.00,1028.00,1128,1,,,,,
2024-01-23,AA,PIT,"Pittsburgh, PA",PA,DFW,"Dallas/Fort Worth, TX",TX,16.00,16.00,0.00,1067.00,1336,2,0.00,16.00,0.00,0.00,0.00
2024-01-03,B6,LGA,"New York, NY",NY,JAX,"Jacksonville, FL",FL,-8.00,-35.00,0.00,833.00,1000,3,,,,,
2024-01-15,OO,DEN,"Denver, CO",CO,SLC,"Salt Lake City, UT",UT,178.00,165.00,0.00,391.00,1720,1,165.00,0.00,0.00,0.00,0.00
2024-01-10,AA,MEM,"Memphis, TN",TN,DFW,"Dallas/Fort Worth, TX",TX,24.00,31.00,0.00,431.00,0708,3,24.00,0.00,7.00,0.00,0.00
2024-01-31,9E,CVG,"Cincinnati, OH",KY,DTW,"Detroit, MI",MI,-5.00,0.00,0.00,229.00,1100,3,,,,,
2024-01-08,MQ,TLH,"Tallahassee, FL",FL,MIA,"Miami, FL",FL,-6.00,-9.00,0.00,402.00,0615,1,,,,,
2024-01-31,9E,LGA,"New York, NY",NY,GSP,"Greer, SC",SC,-4.00,-37.00,0.00,610.00,1429,3,,,,,
2024-01-30,9E,LGA,"New York, NY",NY,CLT,"Charlotte, NC",NC,-4.00,-28.00,0.00,544.00,1610,2,,,,,
2024-01-25,F9,MCO,"Orlando, FL",FL,CVG,"Cincinnati, OH",KY,-7.00,-9.00,0.00,757.00,1236,4,,,,,
2024-01-29,WN,SFO,"San Francisco, CA",CA,DEN,"Denver, CO",CO,-2.00,-7.00,0.00,967.00,0815,1,,,,,
2024-01-20,NK,LAX,"Los Angeles, CA",CA,DTW,"Detroit, MI",MI,-4.00,-19.00,0.00,1979.00,1125,6,,,,,
2024-01-26,UA,IND,"Indianapolis, IN",IN,DEN,"Denver, CO",CO,5.00,-19.00,0.00,977.00,1535,5,,,,,
2024-01-21,WN,PIT,"Pittsburgh, PA",PA,MDW,"Chicago, IL",IL,1.00,-6.00,0.00,402.00,1250,7,,,,,
2024-01-17,F9,PHX,"Phoenix, AZ",AZ,SLC,"Salt Lake City, UT",UT,-9.00,-11.00,0.00,507.00,1149,3,,,,,
2024-01-15,WN,FLL,"Fort Lauderdale, FL",FL,BNA,"Nashville, TN",TN,46.00,138.00,0.00,793.00,1405,1,0.00,0.00,134.00,0.00,4.00
2024-01-26,B6,SAN,"San Diego, CA",CA,JFK,"New York, NY",NY,-4.00,-14.00,0.00,2446.00,1404,5,,,,,
2024-01-22,AA,MIA,"Miami, FL",FL,TPA,"Tampa, FL",FL,44.00,41.00,0.00,204.00,1831,1,36.00,0.00,0.00,0.00,5.00
2024-01-13,WN,BWI,"Baltimore, MD",MD,JAX,"Jacksonville, FL",FL,10.00,15.00,0.00,663.00,0830,6,10.00,0.00,5.00,0.00,0.00
2024-01-28,WN,HNL,"Honolulu, HI",HI,KOA,"Kona, HI",HI,-11.00,-21.00,0.00,163.00,0855,7,,,,,
2024-01-12,DL,BOS,"Boston, MA",MA,LAX,"Los Angeles, CA",CA,-2.00,-36.00,0.00,2611.00,1800,5,,,,,
2024-01-07,UA,LAX,"Los Angeles, CA",CA,EWR,"Newark, NJ",NJ,-6.00,-31.00,0.00,2454.00,2100,7,,,,,
2024-01-10,B6,LGA,"New York, NY",NY,ATL,"Atlanta, GA",GA,-10.00,-20.00,0.00,762.00,1940,3,,,,,
2024-01-03,AA,CLT,"Charlotte, NC",NC,MCO,"Orlando, FL",FL,8.00,40.00,0.00,468.00,0715,3,8.00,0.00,32.00,0.00,0.00
2024-01-08,WN,TPA,"Tampa, FL",FL,HOU,"Houston, TX",TX,0.00,21.00,0.00,781.00,0615,1,0.00,0.00,21.00,0.00,0.00
2024-01-15,DL,ATL,"Atlanta, GA",GA,PVD,"Providence, RI",RI,158.00,144.00,0.00,903.00,2130,1,3.00,0.00,0.00,0.00,141.00
2024-01-16,YX,MCI,"Kansas City, MO",MO,LGA,"New York, NY",NY,102.00,130.00,0.00,1107.00,0605,2,102.00,0.00,28.00,0.00,0.00
2024-01-21,B6,SJU,"San Juan, PR",PR,JFK,"New York, NY",NY,-6.00,-26.00,0.00,1598.00,0650,7,,,,,
2024-01-19,DL,ATL,"Atlanta, GA",GA,GPT,"Gulfport/Biloxi, MS",MS,-2.00,-9.00,0.00,352.00,0924,5,,,,,
2024-01-02,WN,MKE,"Milwaukee, WI",WI,TPA,"Tampa, FL",FL,6.00,-5.00,0.00,1075.00,1005,2,,,,,
2024-01-01,B6,PIT,"Pittsburgh, PA",PA,BOS,"Boston, MA",MA,-16.00,-17.00,0.00,496.00,2010,1,,,,,
2024-01-27,WN,PHX,"Phoenix, AZ",AZ,SAN,"San Diego, CA",CA,0.00,-10.00,0.00,304.00,1845,6,,,,,
2024-01-19,WN,MDW,"Chicago, IL",IL,OAK,"Oakland, CA",CA,-3.00,18.00,0.00,1844.00,0645,5,0.00,0.00,18.00,0.00,0.00
2024-01-18,WN,ORD,"Chicago, IL",IL,DEN,"Denver, CO",CO,-7.00,7.00,0.00,888.00,0730,4,,,,,
2024-01-09,AA,TPA,"Tampa, FL",FL,CLT,"Charlotte, NC",NC,2.00,29.00,0.00,507.00,1006,2,2.00,0.00,27.00,0.00,0.00
2024-01-29,DL,MCO,"Orlando, FL",FL,ATL,"Atlanta, GA",GA,6.00,-12.00,0.00,404.00,1000,1,,,,,
2024-01-02,G4,PGD,"Punta Gorda, FL",FL,PIA,"Peoria, IL",IL,-3.00,-2.00,0.00,1045.00,1648,2,,,,,
2024-01-17,WN,SDF,"Louisville, KY",KY,MDW,"Chicago, IL",IL,5.00,12.00,0.00,271.00,0745,3,,,,,
2024-01-04,OO,LAX,"Los Angeles, CA",CA,SLC,"Salt Lake City, UT",UT,-6.00,7.00,0.00,590.00,1441,4,,,,,
2024-01-09,UA,ORD,"Chicago, IL",IL,BWI,"Baltimore, MD",MD,225.00,280.00,0.00,622.00,1245,2,225.00,0.00,55.00,0.00,0.00
2024-01-17,DL,BOS,"Boston, MA",MA,RSW,"Fort Myers, FL",FL,-4.00,10.00,0.00,1249.00,0720,3,,,,,
2024-01-13,DL,DTW,"Detroit, MI",MI,SEA,"Seattle, WA",WA,296.00,296.00,0.00,1927.00,1600,6,296.00,0.00,0.00,0.00,0.00
2024-01-27,DL,MSP,"Minneapolis, MN",MN,PHX,"Phoenix, AZ",AZ,0.00,-36.00,0.00,1276.00,0855,6,,,,,
2024-01-28,OO,PSP,"Palm Springs, CA",CA,DEN,"Denver, CO",CO,-4.00,-16.00,0.00,776.00,0905,7,,,,,
2024-01-01,DL,ATL,"Atlanta, GA",GA,MTJ,"Montrose/Delta, CO",CO,6.00,3.00,0.00,1352.00,1205,1,,,,,
2024-01-26,UA,IAH,"Houston, TX",TX,PSP,"Palm Springs, CA",CA,-5.00,-15.00,0.00,1269.00,0945,5,,,,,
2024-01-01,AA,LGA,"New York, NY",NY,MIA,"Miami, FL",FL,-4.00,6.00,0.00,1096.00,1530,1,,,,,
2024-01-10,AA,LAS,"Las Vegas, NV",NV,AUS,"Austin, TX",TX,-10.00,-17.00,0.00,1090.00,1142,3,,,,,
2024-01-05,B6,ORD,"Chicago, IL",IL,BOS,"Boston, MA",MA,-9.00,-32.00,0.00,867.00,1120,5,,,,,
2024-01-11,UA,MCO,"Orlando, FL",FL,CLE,"Cleveland, OH",OH,-2.00,-7.00,0.00,895.00,1115,4,,,,,
2024-01-29,WN,MDW,"Chicago, IL",IL,PHX,"Phoenix, AZ",AZ,-6.00,-36.00,0.00,1444.00,0525,1,,,,,
2024-01-29,AA,PHX,"Phoenix, AZ",AZ,PDX,"Portland, OR",OR,0.00,0.00,0.00,1009.00,2137,1,,,,,
2024-01-29,9E,LFT,"Lafayette, LA",LA,ATL,"Atlanta, GA",GA,-5.00,-9.00,0.00,503.00,0600,1,,,,,
2024-01-12,WN,ONT,"Ontario, CA",CA,SMF,"Sacramento, CA",CA,42.00,32.00,0.00,390.00,1355,5,4.00,0.00,0.00,0.00,28.00
2024-01-29,WN,BUR,"Burbank, CA",CA,PHX,"Phoenix, AZ",AZ,-4.00,-3.00,0.00,369.00,1730,1,,,,,
2024-01-03,DL,CVG,"Cincinnati, OH",KY,ATL,"Atlanta, GA",GA,1.00,-3.00,0.00,373.00,0600,3,,,,,
2024-01-26,MQ,GNV,"Gainesville, FL",FL,MIA,"Miami, FL",FL,-7.00,-10.00,0.00,294.00,1006,5,,,,,
2024-01-10,DL,MSY,"New Orleans, LA",LA,LGA,"New York, NY",NY,-6.00,-21.00,0.00,1183.00,0610,3,,,,,
2024-01-12,WN,HNL,"Honolulu, HI",HI,LIH,"Lihue, HI",HI,3.00,-3.00,0.00,102.00,1610,5,,,,,
2024-01-18,WN,PHX,"Phoenix, AZ",AZ,SMF,"Sacramento, CA",CA,-5.00,-14.00,0.00,647.00,0930,4,,,,,
2024-01-04,AA,DEN,"Denver, CO",CO,MIA,"Miami, FL",FL,0.00,-8.00,0.00,1709.00,0700,4,,,,,
2024-01-14,G4,TYS,"Knoxville, TN",TN,PIE,"St. Petersburg, FL",FL,0.00,-6.00,0.00,550.00,0705,7,,,,,
2024-01-08,MQ,DFW,"Dallas/Fort Worth, TX",TX,CMH,"Columbus, OH",OH,205.00,242.00,0.00,926.00,1752,1,0.00,0.00,38.00,0.00,204.00
2024-01-16,YX,DTW,"Detroit, MI",MI,LGA,"New York, NY",NY,109.00,96.00,0.00,502.00,1852,2,4.00,0.00,0.00,0.00,92.00
2024-01-24,AA,OKC,"Oklahoma City, OK",OK,DFW,"Dallas/Fort Worth, TX",TX,30.00,45.00,0.00,175.00,1839,3,21.00,0.00,15.00,0.00,9.00
2024-01-29,OO,PRC,"Prescott, AZ",AZ,LAX,"Los Angeles, CA",CA,-15.00,-24.00,0.00,346.00,1821,1,,,,,
2024-01-23,WN,LGB,"Long Beach, CA",CA,HNL,"Honolulu, HI",HI,105.00,125.00,0.00,2569.00,1110,2,0.00,0.00,20.00,0.00,105.00
2024-01-02,YX,BOS,"Boston, MA",MA,RIC,"Richmond, VA",VA,-3.00,-21.00,0.00,474.00,1120,2,,,,,
2024-01-05,DL,MSP,"Minneapolis, MN",MN,DCA,"Washington, DC",VA,-1.00,2.00,0.00,931.00,2002,5,,,,,
2024-01-10,MQ,DFW,"Dallas/Fort Worth, TX",TX,MCI,"Kansas City, MO",MO,-2.00,-19.00,0.00,460.00,1006,3,,,,,
2024-01-13,B6,LAX,"Los Angeles, CA",CA,SFO,"San Francisco, CA",CA,4.00,29.00,0.00,337.00,1040,6,4.00,0.00,25.00,0.00,0.00
2024-01-18,DL,BUF,"Buffalo, NY",NY,DTW,"Detroit, MI",MI,-1.00,17.00,0.00,241.00,0600,4,0.00,0.00,17.00,0.00,0.00
2024-01-26,HA,LIH,"Lihue, HI",HI,HNL,"Honolulu, HI",HI,50.00,58.00,0.00,102.00,1909,5,12.00,0.00,0.00,0.00,46.00
2024-01-06,UA,MCO,"Orlando, FL",FL,EWR,"Newark, NJ",NJ,-8.00,-31.00,0.00,937.00,1435,6,,,,,
2024-01-25,WN,DEN,"Denver, CO",CO,SAN,"San Diego, CA",CA,17.00,1.00,0.00,853.00,1435,4,,,,,
2024-01-24,OO,AEX,"Alexandria, LA",LA,DFW,"Dallas/Fort Worth, TX",TX,22.00,13.00,0.00,285.00,1050,3,,,,,
2024-01-30,AA,SJU,"San Juan, PR",PR,MIA,"Miami, FL",FL,-6.00,20.00,0.00,1045.00,0715,2,0.00,0.00,20.00,0.00,0.00
2024-01-23,WN,SFO,"San Francisco, CA",CA,PHX,"Phoenix, AZ",AZ,16.00,2.00,0.00,651.00,1435,2,,,,,
2024-01-31,UA,RDU,"Raleigh/Durham, NC",NC,IAD,"Washington, DC",VA,-6.00,-6.00,0.00,224.00,0632,3,,,,,
2024-01-03,WN,CRP,"Corpus Christi, TX",TX,HOU,"Houston, TX",TX,-1.00,-8.00,0.00,187.00,1050,3,,,,,
2024-01-28,UA,IAD,"Washington, DC",VA,BOS,"Boston, MA",MA,-4.00,-11.00,0.00,413.00,2209,7,,,,,
2024-01-30,9E,LGA,"New York, NY",NY,GSO,"Greensboro/High Point, NC",NC,-8.00,-43.00,0.00,461.00,0844,2,,,,,
2024-01-28,AA,CLT,"Charlotte, NC",NC,STL,"St. Louis, MO",MO,-7.00,-9.00,0.00,575.00,0737,7,,,,,
2024-01-26,WN,MCO,"Orlando, FL",FL,BWI,"Baltimore, MD",MD,5.00,-1.00,0.00,787.00,1220,5,,,,,
2024-01-07,AA,MIA,"Miami, FL",FL,MKE,"Milwaukee, WI",WI,65.00,49.00,0.00,1258.00,2123,7,17.00,0.00,0.00,0.00,32.00
2024-01-02,DL,SFO,"San Francisco, CA",CA,JFK,"New York, NY",NY,10.00,6.00,0.00,2586.00,1220,2,,,,,
2024-01-07,AA,LAX,"Los Angeles, CA",CA,MIA,"Miami, FL",FL,1.00,-9.00,0.00,2342.00,1121,7,,,,,
2024-01-24,AA,PHX,"Phoenix, AZ",AZ,SNA,"Santa Ana, CA",CA,-8.00,-3.00,0.00,338.00,0825,3,,,,,
2024-01-30,OO,SGF,"Springfield, MO",MO,DEN,"Denver, CO",CO,-10.00,-49.00,0.00,637.00,1335,2,,,,,
2024-01-22,DL,GNV,"Gainesville, FL",FL,ATL,"Atlanta, GA",GA,-9.00,-21.00,0.00,300.00,1525,1,,,,,
2024-01-09,AA,DFW,"Dallas/Fort Worth, TX",TX,SLC,"Salt Lake City, UT",UT,194.00,246.00,0.00,989.00,1326,2,0.00,6.00,52.00,0.00,188.00
2024-01-28,F9,MCO,"Orlando, FL",FL,BWI,"Baltimore, MD",MD,-3.00,-15.00,0.00,787.00,0645,7,,,,,
2024-01-19,NK,SJU,"San Juan, PR",PR,DFW,"Dallas/Fort Worth, TX",TX,50.00,81.00,0.00,2165.00,1242,5,0.00,0.00,81.00,0.00,0.00
2024-01-20,OO,SLC,"Salt Lake City, UT",UT,ABQ,"Albuquerque, NM",NM,53.00,35.00,0.00,493.00,0940,6,35.00,0.00,0.00,0.00,0.00
2024-01-07,F9,MCO,"Orlando, FL",FL,PSE,"Ponce, PR",PR,1.00,-6.00,0.00,1179.00,0730,7,,,,,
2024-01-22,AA,CLT,"Charlotte, NC",NC,JAX,"Jacksonville, FL",FL,1.00,-13.00,0.00,328.00,0711,1,,,,,
2024-01-08,AA,PHX,"Phoenix, AZ",AZ,TPA,"Tampa, FL",FL,22.00,14.00,0.00,1788.00,1652,1,,,,,
2024-01-14,WN,DEN,"Denver, CO",CO,OMA,"Omaha, NE",NE,51.00,45.00,0.00,472.00,0855,7,14.00,0.00,0.00,0.00,31.00
2024-01-08,WN,BUF,"Buffalo, NY",NY,TPA,"Tampa, FL",FL,10.00,0.00,0.00,1053.00,1745,1,,,,,
2024-01-14,HA,OGG,"Kahului, HI",HI,HNL,"Honolulu, HI",HI,-4.00,-6.00,0.00,100.00,0710,7,,,,,
2024-01-27,UA,ORD,"Chicago, IL",IL,SJU,"San Juan, PR",PR,-6.00,-3.00,0.00,2072.00,1415,6,,,,,
2024-01-16,OH,DCA,"Washington, DC",VA,ORF,"Norfolk, VA",VA,124.00,135.00,0.00,142.00,1346,2,0.00,21.00,11.00,0.00,103.00
2024-01-29,DL,SLC,"Salt Lake City, UT",UT,ONT,"Ontario, CA",CA,-7.00,-24.00,0.00,558.00,1135,1,,,,,
2024-01-03,WN,SNA,"Santa Ana, CA",CA,SJC,"San Jose, CA",CA,1.00,11.00,0.00,342.00,0910,3,,,,,
2024-01-26,DL,SLC,"Salt Lake City, UT",UT,DEN,"Denver, CO",CO,-1.00,-13.00,0.00,391.00,0945,5,,,,,
2024-01-25,9E,ATL,"Atlanta, GA",GA,MDT,"Harrisburg, PA",PA,18.00,11.00,0.00,620.00,2149,4,,,,,
2024-01-03,9E,IND,"Indianapolis, IN",IN,LGA,"New York, NY",NY,-8.00,-18.00,0.00,660.00,0745,3,,,,,
2024-01-15,AA,MCO,"Orlando, FL",FL,MIA,"Miami, FL",FL,2.00,-3.00,0.00,192.00,0735,1,,,,,
2024-01-01,WN,HOU,"Houston, TX",TX,MIA,"Miami, FL",FL,-5.00,-13.00,0.00,955.00,1150,1,,,,,
2024-01-23,OH,DFW,"Dallas/Fort Worth, TX",TX,FAY,"Fayetteville, NC",NC,7.00,36.00,0.00,1051.00,1941,2,7.00,0.00,29.00,0.00,0.00
2024-01-31,AA,KOA,"Kona, HI",HI,PHX,"Phoenix, AZ",AZ,-8.00,-51.00,0.00,2860.00,2207,3,,,,,
2024-01-26,WN,SJU,"San Juan, PR",PR,MCO,"Orlando, FL",FL,-7.00,-20.00,0.00,1189.00,1045,5,,,,,
2024-01-31,OH,BTV,"Burlington, VT",VT,DCA,"Washington, DC",VA,-6.00,-15.00,0.00,437.00,1717,3,,,,,
2024-01-01,AS,PSP,"Palm Springs, CA",CA,PDX,"Portland, OR",OR,-16.00,-28.00,0.00,873.00,1706,1,,,,,
2024-01-18,9E,LGA,"New York, NY",NY,CHO,"Charlottesville, VA",VA,2.00,-3.00,0.00,305.00,0831,4,,,,,
2024-01-26,AA,DFW,"Dallas/Fort Worth, TX",TX,MSY,"New Orleans, LA",LA,-1.00,-6.00,0.00,447.00,0920,5,,,,,
2024-01-06,AS,RSW,"Fort Myers, FL",FL,SEA,"Seattle, WA",WA,49.00,14.00,0.00,2623.00,1816,6,,,,,
2024-01-01,DL,MSP,"Minneapolis, MN",MN,PHX,"Phoenix, AZ",AZ,-7.00,-13.00,0.00,1276.00,2159,1,,,,,
2024-01-25,DL,MSP,"Minneapolis, MN",MN,DFW,"Dallas/Fort Worth, TX",TX,16.00,8.00,0.00,852.00,2020,4,,,,,
2024-01-27,AS,JFK,"New York, NY",NY,SFO,"San Francisco, CA",CA,-11.00,-43.00,0.00,2586.00,1300,6,,,,,
2024-01-07,AA,BUR,"Burbank, CA",CA,DFW,"Dallas/Fort Worth, TX",TX,-7.00,-24.00,0.00,1231.00,0701,7,,,,,
2024-01-09,NK,SLC,"Salt Lake City, UT",UT,LAX,"Los Angeles, CA",CA,-5.00,-19.00,0.00,590.00,1105,2,,,,,
2024-01-30,AA,MIA,"Miami, FL",FL,PHX,"Phoenix, AZ",AZ,43.00,39.00,0.00,1972.00,1556,2,39.00,0.00,0.00,0.00,0.00
2024-01-28,WN,LGB,"Long Beach, CA",CA,DEN,"Denver, CO",CO,0.00,-3.00,0.00,854.00,1445,7,,,,,
2024-01-31,AA,CLT,"Charlotte, NC",NC,IND,"Indianapolis, IN",IN,-8.00,-10.00,0.00,427.00,1319,3,,,,,
2024-01-15,YX,RDU,"Raleigh/Durham, NC",NC,BNA,"Nashville, TN",TN,-1.00,10.00,0.00,442.00,0900,1,,,,,
2024-01-08,WN,SMF,"Sacramento, CA",CA,PDX,"Portland, OR",OR,19.00,15.00,0.00,479.00,1845,1,0.00,0.00,0.00,0.00,15.00
2024-01-09,DL,LGA,"New York, NY",NY,MCO,"Orlando, FL",FL,112.00,200.00,0.00,950.00,1859,2,9.00,0.00,88.00,0.00,103.00
2024-01-03,DL,SRQ,"Sarasota/Bradenton, FL",FL,DTW,"Detroit, MI",MI,20.00,29.00,0.00,1022.00,1240,3,3.00,0.00,9.00,0.00,17.00
2024-01-10,YX,EWR,"Newark, NJ",NJ,CMH,"Columbus, OH",OH,-10.00,-28.00,0.00,463.00,0850,3,,,,,
2024-01-23,UA,ORD,"Chicago, IL",IL,EYW,"Key West, FL",FL,181.00,178.00,0.00,1251.00,1035,2,0.00,0.00,178.00,0.00,0.00
2024-01-06,AA,SFO,"San Francisco, CA",CA,JFK,"New York, NY",NY,-4.00,10.00,0.00,2586.00,1033,6,,,,,
2024-01-12,YX,IAD,"Washington, DC",VA,IND,"Indianapolis, IN",IN,-4.00,17.00,0.00,476.00,1235,5,0.00,0.00,17.00,0.00,0.00
2024-01-24,OO,DFW,"Dallas/Fort Worth, TX",TX,ASE,"Aspen, CO",CO,-5.00,-31.00,0.00,701.00,1224,3,,,,,
2024-01-11,OO,MAF,"Midland/Odessa, TX",TX,DEN,"Denver, CO",CO,60.00,66.00,0.00,563.00,1353,4,0.00,0.00,6.00,0.00,60.00
2024-01-12,MQ,SDF,"Louisville, KY",KY,DFW,"Dallas/Fort Worth, TX",TX,2.00,31.00,0.00,733.00,0533,5,2.00,0.00,29.00,0.00,0.00
2024-01-03,AA,DCA,"Washington, DC",VA,PHX,"Phoenix, AZ",AZ,1.00,-31.00,0.00,1979.00,1015,3,,,,,
2024-01-11,DL,ATL,"Atlanta, GA",GA,CLT,"Charlotte, NC",NC,24.00,16.00,0.00,226.00,1545,4,1.00,0.00,0.00,0.00,15.00
2024-01-05,OO,LAX,"Los Angeles, CA",CA,ABQ,"Albuquerque, NM",NM,-7.00,-8.00,0.00,677.00,2006,5,,,,,
2024-01-11,WN,BWI,"Baltimore, MD",MD,BOS,"Boston, MA",MA,-3.00,-18.00,0.00,369.00,0855,4,,,,,
2024-01-04,OO,TUS,"Tucson, AZ",AZ,LAX,"Los Angeles, CA",CA,-5.00,-26.00,0.00,451.00,1902,4,,,,,
2024-01-08,YX,LGA,"New York, NY",NY,TYS,"Knoxville, TN",TN,-14.00,-26.00,0.00,647.00,1559,1,,,,,
2024-01-31,YX,BOS,"Boston, MA",MA,EWR,"Newark, NJ",NJ,-9.00,-6.00,0.00,200.00,0815,3,,,,,
2024-01-17,DL,LAX,"Los Angeles, CA",CA,LAS,"Las Vegas, NV",NV,-8.00,-1.00,0.00,236.00,2245,3,,,,,
2024-01-17,UA,BOS,"Boston, MA",MA,DEN,"Denver, CO",CO,20.00,29.00,0.00,1754.00,1515,3,20.00,0.00,9.00,0.00,0.00
2024-01-22,DL,ATL,"Atlanta, GA",GA,BHM,"Birmingham, AL",AL,0.00,-5.00,0.00,134.00,1658,1,,,,,
2024-01-31,AA,BNA,"Nashville, TN",TN,CLT,"Charlotte, NC",NC,0.00,-8.00,0.00,328.00,0829,3,,,,,
2024-01-28,OO,DTW,"Detroit, MI",MI,GRB,"Green Bay, WI",WI,3.00,54.00,0.00,287.00,1025,7,3.00,0.00,51.00,0.00,0.00
2024-01-05,UA,ORD,"Chicago, IL",IL,TPA,"Tampa, FL",FL,-12.00,-21.00,0.00,1012.00,0729,5,,,,,
2024-01-22,AA,CLT,"Charlotte, NC",NC,LAX,"Los Angeles, CA",CA,-3.00,-19.00,0.00,2125.00,1801,1,,,,,
2024-01-03,UA,SFO,"San Francisco, CA",CA,ORD,"Chicago, IL",IL,17.00,6.00,0.00,1846.00,0515,3,,,,,
2024-01-08,DL,SLC,"Salt Lake City, UT",UT,SNA,"Santa Ana, CA",CA,47.00,32.00,0.00,588.00,1520,1,0.00,0.00,0.00,0.00,32.00
2024-01-01,DL,ATL,"Atlanta, GA",GA,DEN,"Denver, CO",CO,7.00,2.00,0.00,1199.00,0800,1,,,,,
2024-01-17,AA,DFW,"Dallas/Fort Worth, TX",TX,GRR,"Grand Rapids, MI",MI,-6.00,-16.00,0.00,931.00,1959,3,,,,,
